{
  "ground_friction": [
    0.019393160618336992,
    0.0004641128405155463,
    0.0003255014641543348
  ],
  "solref": [
    0.01888297450515051,
    10.0
  ],
  "solimp": [
    0.2933093284149283,
    0.9999,
    0.0013161917812552816,
    0.681301531447036,
    3.8560034201629256
  ],
  "noslip_iterations": 31,
  "noslip_tolerance": 2.4917155041243528e-05,
  "margin": 0.0007086940358588859,
  "Br": 1.3960225772536488,
  "max_magnetic_distance": 0.05767146277769934,
  "max_force_per_wheel": 1099.9083348211761
}