{
  "reward": -278.4783995554085,
  "trial_id": 258,
  "params": {
    "Br": 1.5636714923526485,
    "o_solref": [
      0.00017885326640475246,
      28.730366226072263
    ],
    "o_solimp": [
      0.895,
      0.9495,
      0.001,
      0.5,
      2.0
    ],
    "wheel_friction": [
      1.0,
      0.05742576927517865,
      1e-05
    ],
    "rocker_stiffness": 57.78673414401672,
    "rocker_damping": 0.1,
    "wheel_kp": 1.0,
    "wheel_kv": 8.016886999902965,
    "max_magnetic_distance": 0.025530234017856795,
    "noslip_iterations": 29,
    "mode": "sideways",
    "rollout_mode": "drive"
  }
}