{
  "trial_id": 238,
  "reward": -233.19999999999996,
  "reward_hold": null,
  "reward_drive": null,
  "parameters": {
    "Br": 1.5270122286142627,
    "o_solref": [
      0.00037142717594388584,
      37.49129805430139
    ],
    "o_solimp": [
      0.99,
      0.99,
      0.001,
      0.5,
      2.0
    ],
    "wheel_friction": [
      0.9532388660512062,
      0.05620329021096932,
      0.07269549460923755
    ],
    "rocker_stiffness": 10.0,
    "rocker_damping": 0.820067341706922,
    "wheel_kp": 3.905946613192053,
    "wheel_kv": 10.0,
    "max_magnetic_distance": 0.05385042851443615,
    "mode": "sideways",
    "rollout_mode": "drive"
  },
  "config": {
    "sim_duration": 5.0,
    "settle_time": 1.0,
    "fixed_torque": 0.5
  },
  "timestamp": "2026-01-29 00:39:27",
  "experiment_name": "stage3"
}