{
  "ground_friction": [
    0.4318403956821161,
    0.020798332521911624,
    3.979332859249398e-05
  ],
  "solref": [
    0.002185847226780535,
    10.0
  ],
  "solimp": [
    0.14450402464587803,
    0.9999,
    6.206818088510415e-05,
    0.3498616371943578,
    3.7624294450183586
  ],
  "noslip_iterations": 30,
  "noslip_tolerance": 2.184681964974684e-06,
  "margin": 0.0047179902746668795,
  "Br": 1.7670308367842262,
  "max_magnetic_distance": 0.07398143121324369,
  "max_force_per_wheel": 1064.519177349634
}