{
  "ground_friction": [
    0.9390643487816689,
    0.04789446260340451,
    2.8767018299557014e-05
  ],
  "solref": [
    0.12431699813179047,
    10.0
  ],
  "solimp": [
    0.031752308309966684,
    0.9999,
    0.0006672942478596062,
    0.7747218707549387,
    5.256295876780333
  ],
  "noslip_iterations": 30,
  "noslip_tolerance": 1.0319949848833072e-05,
  "margin": 0.0037323285526944753,
  "Br": 1.6386773499139116,
  "max_magnetic_distance": 0.0625279605798309,
  "max_force_per_wheel": 880.2590040352004
}