{
  "trial_id": 71,
  "reward": -0.0,
  "parameters": {
    "Br": 1.4329040680814265,
    "solref_timeconst": 0.0003943087696488615,
    "solref_dampratio": 21.89646707931254,
    "solimp_dmin": 0.9683954377448756,
    "solimp_dmax": 0.9612347532555099,
    "solimp_width": 0.0018078337071122522,
    "sliding_friction": 0.9850155323403305,
    "torsional_friction": 0.039431347528576806,
    "rolling_friction": 0.007053742088377069,
    "rocker_stiffness": 65.8383549853866,
    "rocker_damping": 3.2536735420026495,
    "wheel_kp": 14.022857951676974,
    "wheel_kv": 1.0693335480348125,
    "max_magnetic_distance": 0.043819263067840404,
    "noslip_iterations": 12.099166528330478
  },
  "config": {
    "sim_duration": 5.0,
    "settle_time": 1.0
  },
  "timestamp": "2026-02-01 22:17:00",
  "experiment_name": "single_hold"
}