{
  "ground_friction": [
    0.03673362317085731,
    0.0036475752155161125,
    4.5049265185553335e-05
  ],
  "solref": [
    0.002782563641330604,
    10.0
  ],
  "solimp": [
    0.0375563986124683,
    0.9999,
    0.00016961901231988437,
    0.6303315512933488,
    4.782080943468986
  ],
  "noslip_iterations": 30,
  "noslip_tolerance": 1.0621757587982574e-05,
  "margin": 0.0032087568729836247,
  "Br": 1.9125824081929508,
  "max_magnetic_distance": 0.04487446345365495,
  "max_force_per_wheel": 1048.2248168200538
}