{
  "reward": -18.775468959671404,
  "trial_id": 28,
  "params": {
    "Br": 1.6024959496312563,
    "o_solref": [
      0.000443110623106872,
      23.174777199831546
    ],
    "o_solimp": [
      0.99,
      0.99,
      0.001,
      0.5,
      2.0
    ],
    "wheel_friction": [
      0.9476147071968753,
      0.09318931205485426,
      0.08507842830309365
    ],
    "rocker_stiffness": 36.45318303771019,
    "rocker_damping": 3.861496122919021,
    "wheel_kp": 28.963554507115457,
    "wheel_kv": 1.0290670189897317,
    "mode": "sideways",
    "rollout_mode": "drive"
  }
}