{
  "reward": -1000.0,
  "trial_id": 0,
  "params": {
    "timestep": 0.002,
    "o_solref": [
      0.0002888506996347092,
      11.638940957447787
    ],
    "o_solimp": [
      0.99,
      0.99,
      0.001,
      0.5,
      2.0
    ],
    "wheel_friction": [
      0.025535977396817348,
      0.08151375368082697,
      0.09136280215049446
    ],
    "wheel_damping": 0.610569418009508,
    "rocker_stiffness": 75.65469048855985,
    "rocker_damping": 2.7637624581805724,
    "mode": "sideways",
    "rollout_mode": "drive"
  }
}