{
  "ground_friction": [
    1.4622583696131204,
    0.00015466512324623801,
    2.1347755539567146e-05
  ],
  "solref": [
    0.0536229189621632,
    10.0
  ],
  "solimp": [
    0.27974662081871,
    0.9999,
    0.00024149177296311922,
    0.3447573549878108,
    4.797462039880964
  ],
  "noslip_iterations": 30,
  "noslip_tolerance": 4.204705260967211e-06,
  "margin": 0.004514900074695279,
  "Br": 0.7304817976388577,
  "max_magnetic_distance": 0.028840086765444237,
  "max_force_per_wheel": 845.679296900105
}