{
  "ground_friction": [
    1.0627901591064495,
    0.2655361255758526,
    6.429251417019484e-05
  ],
  "solref": [
    0.00030131506072951714,
    10.0
  ],
  "solimp": [
    0.5937487161729414,
    0.9999,
    0.00014168067725616316,
    0.13814219912721737,
    3.8139875167629724
  ],
  "noslip_iterations": 31,
  "noslip_tolerance": 2.7108748054692553e-05,
  "margin": 0.0047640601122214445,
  "Br": 0.8194641232371531,
  "max_magnetic_distance": 0.012821960040637001,
  "max_force_per_wheel": 1070.1468729708151
}