{
  "ground_friction": [
    0.22938154647516984,
    0.0071613643223556135,
    3.103542842867021e-05
  ],
  "solref": [
    0.005730858064718474,
    10.0
  ],
  "solimp": [
    0.14394995945941905,
    0.9999,
    0.00033955324743742166,
    0.06944825632162963,
    3.5400720044873513
  ],
  "noslip_iterations": 30,
  "noslip_tolerance": 3.441960534223443e-05,
  "margin": 0.0017405974793716745,
  "Br": 0.5307283925611251,
  "max_magnetic_distance": 0.024381168356825977,
  "max_force_per_wheel": 1032.5261801392983
}